1,中,年间,晋太元中,桃花源记,八上
2,为,作为,武陵人捕鱼为业,桃花源记,八上
3,缘,沿着，顺着,缘溪行,桃花源记,八上
4,之,的,忘路之远近,桃花源记,八上
5,数,表约数,夹岸数百步,桃花源记,八上
6,中,其中,中无杂树,桃花源记,八上
7,芳草,花草,芳草鲜美,桃花源记,八上
8,鲜美,鲜嫩美丽,芳草鲜美,桃花源记,八上
9,落英,落花,落英缤纷,桃花源记,八上
10,缤纷,繁多而错杂的样子,落英缤纷,桃花源记,八上
11,甚,很,渔人甚异之,桃花源记,八上
12,异,对……感到诧异,渔人甚异之,桃花源记,八上
13,之,代词，指桃花源的奇景,渔人甚异之,桃花源记,八上
14,前,向前,复前行,桃花源记,八上
15,复,再，又,复前行,桃花源记,八上
16,欲,想要,欲穷其林,桃花源记,八上
17,穷,尽，走到……尽头,欲穷其林,桃花源记,八上
18,尽,穷尽，尽头,林尽水源,桃花源记,八上
19,得,出现,便得一山,桃花源记,八上
20,仿佛,隐隐约约，形容看得不真切的样子,仿佛若有光,桃花源记,八上
21,若,好像,仿佛若有光,桃花源记,八上
22,舍,离开,便舍船,桃花源记,八上
23,从,自，由,从口入,桃花源记,八上
24,极,很,初极狭,桃花源记,八上
25,才,仅,才通人,桃花源记,八上
26,通,通过,才通人,桃花源记,八上
27,复,再，又,复行数十步,桃花源记,八上
28,豁然开朗,形容由狭窄幽暗突然变得宽阔明亮的样子,豁然开朗,桃花源记,八上
29,舍,房子,屋舍俨然,桃花源记,八上
30,然,……的样子,屋舍俨然,桃花源记,八上
31,俨然,整齐的样子,屋舍俨然,桃花源记,八上
32,良,肥沃的,有良田美池桑竹之属,桃花源记,八上
33,之,指示代词，这，那,有良田美池桑竹之属,桃花源记,八上
34,属,类,有良田美池桑竹之属,桃花源记,八上
35,阡陌,田间小路,阡陌交通,桃花源记,八上
36,交通,交错相通,阡陌交通,桃花源记,八上
37,闻,听到,鸡犬相闻,桃花源记,八上
38,作,劳作,其中往来种作,桃花源记,八上
39,悉,都,悉如外人,桃花源记,八上
40,如,好像,悉如外人,桃花源记,八上
41,黄发,指老人,黄发垂髫,桃花源记,八上
42,垂髫,指小孩,黄发垂髫,桃花源记,八上
43,并,都,并怡然自乐,桃花源记,八上
44,然,……的样子,并怡然自乐,桃花源记,八上
45,乃,竟然,乃大惊,桃花源记,八上
46,惊,惊讶,乃大惊,桃花源记,八上
47,具,详细,具答之,桃花源记,八上
48,答,回答,具答之,桃花源记,八上
49,之,代词，他们，指桃花源人,具答之,桃花源记,八上
50,要,通“邀”，邀请,便要还家,桃花源记,八上
51,设,摆放,设酒杀鸡作食,桃花源记,八上
52,作,做,设酒杀鸡作食,桃花源记,八上
53,食,饭,设酒杀鸡作食,桃花源记,八上
54,闻,听说,村中闻有此人,桃花源记,八上
55,咸,都,咸来问讯,桃花源记,八上
56,云,说,自云先世避秦时乱,桃花源记,八上
57,率,带领,率妻子邑人来此绝境,桃花源记,八上
58,妻子,妻子和儿女,率妻子邑人来此绝境,桃花源记,八上
59,绝境,与人世隔绝的地方,率妻子邑人来此绝境,桃花源记,八上
60,绝,与外界隔绝的,率妻子邑人来此绝境,桃花源记,八上
61,出,出去,不复出焉,桃花源记,八上
62,焉,从这里,不复出焉,桃花源记,八上
63,遂,于是,遂与外人间隔,桃花源记,八上
64,外人,指桃花源以外的世人,遂与外人间隔,桃花源记,八上
65,间,断绝，隔绝,遂与外人间隔,桃花源记,八上
66,是,判断动词,问今是何世,桃花源记,八上
67,何,什么,问今是何世,桃花源记,八上
68,乃,竟然,乃不知有汉,桃花源记,八上
69,无论,不要说，（更）不必说,无论魏晋,桃花源记,八上
70,具,详细地,此人一一为具言所闻,桃花源记,八上
71,为,向,此人一一为具言所闻,桃花源记,八上
72,言,说出,此人一一为具言所闻,桃花源记,八上
73,叹惋,感叹，惋惜,皆叹惋,桃花源记,八上
74,皆,全，都,皆叹惋,桃花源记,八上
75,皆,全，都,皆出酒食,桃花源记,八上
76,出,拿出,皆出酒食,桃花源记,八上
77,余,其余的,余人各复延至其家,桃花源记,八上
78,延,邀请,余人各复延至其家,桃花源记,八上
79,数,表约数,停数日,桃花源记,八上
80,日,天,停数日,桃花源记,八上
81,辞,辞别,辞去,桃花源记,八上
82,去,离开,辞去,桃花源记,八上
83,语,嘱咐,此中人语云,桃花源记,八上
84,足,值得,不足为外人道也,桃花源记,八上
85,为,向,不足为外人道也,桃花源记,八上
86,道,说,不足为外人道也,桃花源记,八上
87,既,已经,既出,桃花源记,八上
88,得,找到,得其船,桃花源记,八上
89,其,代词，指渔人,得其船,桃花源记,八上
90,扶,沿，顺着,便扶向路,桃花源记,八上
91,向,从前的、旧的,便扶向路,桃花源记,八上
92,志,做标记,处处志之,桃花源记,八上
93,之,补足音节，无实义,处处志之,桃花源记,八上
94,及,到,及郡下,桃花源记,八上
95,诣,到。特指到尊长那里去,诣太守,桃花源记,八上
96,即,立即,太守即遣人随其往,桃花源记,八上
97,其,代词，指渔人,太守即遣人随其往,桃花源记,八上
98,寻,寻找,寻向所志,桃花源记,八上
99,向,从前的、旧的,寻向所志,桃花源记,八上
100,志,标记,寻向所志,桃花源记,八上
101,遂,终于,遂迷,桃花源记,八上
102,复,再，又,不复得路,桃花源记,八上
103,得,找到,不复得路,桃花源记,八上
104,闻,听说,闻之,桃花源记,八上
105,之,代词，这件事,闻之,桃花源记,八上
106,欣,高兴,欣然规往,桃花源记,八上
107,然,……的样子,欣然规往,桃花源记,八上
108,规,计划,欣然规往,桃花源记,八上
109,未果,没有实现,未果,桃花源记,八上
110,寻,随即，不久,寻病终,桃花源记,八上
111,遂,就,后遂无问津者,桃花源记,八上
112,问,访求、探求,后遂无问津者,桃花源记,八上
113,津,渡口,后遂无问津者,桃花源记,八上
114,者,……的人,后遂无问津者,桃花源记,八上
115,俱,全，都,风烟俱净,与朱元思书,八下
116,净,消散，消失,风烟俱净,与朱元思书,八下
117,共色,一样的颜色,天山共色,与朱元思书,八下
118,共,一样,天山共色,与朱元思书,八下
119,色,颜色,天山共色,与朱元思书,八下
120,从,顺、随,从流飘荡,与朱元思书,八下
121,意,心情,任意东西,与朱元思书,八下
122,东,偏东,任意东西,与朱元思书,八下
123,西,偏西,任意东西,与朱元思书,八下
124,自,从,自富阳至桐庐一百许里,与朱元思书,八下
125,百,确数，十的倍数,自富阳至桐庐一百许里,与朱元思书,八下
126,许,左右,自富阳至桐庐一百许里,与朱元思书,八下
127,异,奇特的,奇山异水,与朱元思书,八下
128,独,独特，特殊,天下独绝,与朱元思书,八下
129,绝,到了极点；绝妙,天下独绝,与朱元思书,八下
130,皆,全，都,水皆缥碧,与朱元思书,八下
131,缥碧,青白色,水皆缥碧,与朱元思书,八下
132,无,没有,直视无碍,与朱元思书,八下
133,碍,障碍,直视无碍,与朱元思书,八下
134,甚,甚于，比，超过,急湍甚箭,与朱元思书,八下
135,若,像,猛浪若奔,与朱元思书,八下
136,奔,飞奔的马,猛浪若奔,与朱元思书,八下
137,生,生长,皆生寒树,与朱元思书,八下
138,皆,全，都,皆生寒树,与朱元思书,八下
139,寒,使人看了有寒意,皆生寒树,与朱元思书,八下
140,负,凭借,负势竞上,与朱元思书,八下
141,竞,争相，争着,负势竞上,与朱元思书,八下
142,上,向上,负势竞上,与朱元思书,八下
143,轩,动词，高,互相轩邈,与朱元思书,八下
144,邈,动词，远,互相轩邈,与朱元思书,八下
145,好,美丽的,好鸟相鸣,与朱元思书,八下
146,则,连词，表并列，不译,蝉则千转不穷,与朱元思书,八下
147,千,表示多,蝉则千转不穷,与朱元思书,八下
148,转,通“啭”，鸟叫声,蝉则千转不穷,与朱元思书,八下
149,穷,穷尽,蝉则千转不穷,与朱元思书,八下
150,则,连词，表并列，不译,猿则百叫无绝,与朱元思书,八下
151,百,概数词，表示多,猿则百叫无绝,与朱元思书,八下
152,无,不,猿则百叫无绝,与朱元思书,八下
153,绝,停止，（声音）消失,猿则百叫无绝,与朱元思书,八下
154,鸢,一种凶猛的鸟,鸢飞戾天者,与朱元思书,八下
155,戾,至,鸢飞戾天者,与朱元思书,八下
156,者,……的人,鸢飞戾天者,与朱元思书,八下
157,息,平息,望峰息心,与朱元思书,八下
158,经纶,筹划,经纶世务者,与朱元思书,八下
159,者,……的人,经纶世务者,与朱元思书,八下
160,窥,看到,窥谷忘反,与朱元思书,八下
161,反,通“返”，返回,窥谷忘反,与朱元思书,八下
162,柯,树木的枝干,横柯上蔽,与朱元思书,八下
163,上,在上边,横柯上蔽,与朱元思书,八下
164,映,掩映,疏条交映,与朱元思书,八下
165,见,看见，见到,有时见日,与朱元思书,八下
166,日,阳光,有时见日,与朱元思书,八下
167,余,我,余幼时即嗜学,送东阳马生序,八下
168,即,就,余幼时即嗜学,送东阳马生序,八下
169,嗜,喜欢，爱好,余幼时即嗜学,送东阳马生序,八下
170,从,自，由,无从致书以观,送东阳马生序,八下
171,致,得到,无从致书以观,送东阳马生序,八下
172,以,来,无从致书以观,送东阳马生序,八下
173,观,阅读,无从致书以观,送东阳马生序,八下
174,假,借,每假借于藏书之家,送东阳马生序,八下
175,于,向,每假借于藏书之家,送东阳马生序,八下
176,之,的,每假借于藏书之家,送东阳马生序,八下
177,笔,用笔,手自笔录,送东阳马生序,八下
178,日,日子,计日以还,送东阳马生序,八下
179,以,表修饰,计日以还,送东阳马生序,八下
180,弗,不,弗之怠,送东阳马生序,八下
181,之,代词，指抄书,弗之怠,送东阳马生序,八下
182,怠,懈怠,弗之怠,送东阳马生序,八下
183,毕,完,录毕,送东阳马生序,八下
184,走,跑,走送之,送东阳马生序,八下
185,之,代词，指书,走送之,送东阳马生序,八下
186,稍,稍微，稍许,不敢稍逾约,送东阳马生序,八下
187,逾,超过,不敢稍逾约,送东阳马生序,八下
188,约,约定的期限,不敢稍逾约,送东阳马生序,八下
189,以是,因此,以是人多以书假余,送东阳马生序,八下
190,以,与“是”连用，因此,以是人多以书假余（第一个“以”）,送东阳马生序,八下
191,以,把,以是人多以书假余（第二个“以”）,送东阳马生序,八下
192,假,借,以是人多以书假余,送东阳马生序,八下
193,因,因此,余因得遍观群书,送东阳马生序,八下
194,既,已经,既加冠,送东阳马生序,八下
195,益,更加,益慕圣贤之道,送东阳马生序,八下
196,慕,仰慕,益慕圣贤之道,送东阳马生序,八下
197,道,学说，思想,益慕圣贤之道,送东阳马生序,八下
198,患,担心，忧虑,又患无硕师名人与游,送东阳马生序,八下
199,硕,大,又患无硕师名人与游,送东阳马生序,八下
200,硕师,学问渊博的老师,又患无硕师名人与游,送东阳马生序,八下
201,游,交往，外出求学,又患无硕师名人与游,送东阳马生序,八下
202,尝,曾经,尝趋百里外,送东阳马生序,八下
203,趋,奔向,尝趋百里外,送东阳马生序,八下
204,从,向，跟,从乡之先达执经叩问,送东阳马生序,八下
205,之,的,从乡之先达执经叩问,送东阳马生序,八下
206,执,拿,从乡之先达执经叩问,送东阳马生序,八下
207,叩,请教,从乡之先达执经叩问,送东阳马生序,八下
208,填,挤满，充满,门人弟子填其室,送东阳马生序,八下
209,其,代词，他的,门人弟子填其室,送东阳马生序,八下
210,尝,曾经,未尝稍降辞色,送东阳马生序,八下
211,降,减，减退,未尝稍降辞色,送东阳马生序,八下
212,辞,言语,未尝稍降辞色,送东阳马生序,八下
213,色,脸色,未尝稍降辞色,送东阳马生序,八下
214,援,引、提出,援疑质理,送东阳马生序,八下
215,质,询问,援疑质理,送东阳马生序,八下
216,倾,侧着,俯身倾耳以请,送东阳马生序,八下
217,以,表修饰,俯身倾耳以请,送东阳马生序,八下
218,或,有时,或遇其叱咄,送东阳马生序,八下
219,其,代词，指前辈,或遇其叱咄,送东阳马生序,八下
220,叱咄,训斥，呵责,或遇其叱咄,送东阳马生序,八下
221,愈,更加,色愈恭,送东阳马生序,八下
222,色,表情,色愈恭,送东阳马生序,八下
223,愈,更加,礼愈至,送东阳马生序,八下
224,至,周到,礼愈至,送东阳马生序,八下
225,以,来,不敢出一言以复,送东阳马生序,八下
226,复,回答,不敢出一言以复,送东阳马生序,八下
227,俟,等待,俟其欣悦,送东阳马生序,八下
228,其,代词，指前辈,俟其欣悦,送东阳马生序,八下
229,悦,高兴,俟其欣悦,送东阳马生序,八下
230,故,所以,故余虽愚,送东阳马生序,八下
231,虽,虽然,故余虽愚,送东阳马生序,八下
232,愚,愚笨,故余虽愚,送东阳马生序,八下
233,卒,终于,卒获有所闻,送东阳马生序,八下
234,闻,见闻，知识,卒获有所闻,送东阳马生序,八下
235,之,取消句子独立性,当余之从师也,送东阳马生序,八下
236,从,跟着,当余之从师也,送东阳马生序,八下
237,也,用于句中，表语气停顿,当余之从师也,送东阳马生序,八下
238,负,背着,负箧曳屣,送东阳马生序,八下
239,曳,拖着,负箧曳屣,送东阳马生序,八下
240,穷冬,隆冬,穷冬烈风,送东阳马生序,八下
241,数,概数词，几,大雪深数尺,送东阳马生序,八下
242,足,脚,足肤皲裂而不知,送东阳马生序,八下
243,皲裂,皮肤因寒冷干燥而开裂,足肤皲裂而不知,送东阳马生序,八下
244,而,表转折,足肤皲裂而不知,送东阳马生序,八下
245,至,到，到达,至舍,送东阳马生序,八下
246,舍,学舍，书馆,至舍,送东阳马生序,八下
247,支,通“肢”，肢体,四支僵劲不能动,送东阳马生序,八下
248,动,动弹,四支僵劲不能动,送东阳马生序,八下
249,媵人,服侍的人,媵人持汤沃灌,送东阳马生序,八下
250,汤,热水,媵人持汤沃灌,送东阳马生序,八下
251,沃灌,浇洗,媵人持汤沃灌,送东阳马生序,八下
252,以,用,以衾拥覆,送东阳马生序,八下
253,衾,被子,以衾拥覆,送东阳马生序,八下
254,而,词缀，用于表时间的副词后，表顺承,久而乃和,送东阳马生序,八下
255,乃,才,久而乃和,送东阳马生序,八下
256,和,暖和,久而乃和,送东阳马生序,八下
257,寓,住,寓逆旅,送东阳马生序,八下
258,逆旅,旅店,寓逆旅,送东阳马生序,八下
259,日,每天,主人日再食,送东阳马生序,八下
260,再,两次,主人日再食,送东阳马生序,八下
261,鲜,新鲜,无鲜肥滋味之享,送东阳马生序,八下
262,之,结构助词，宾语前置的标志,无鲜肥滋味之享,送东阳马生序,八下
263,皆,全，都,同舍生皆被绮绣,送东阳马生序,八下
264,被,通“披”，穿,同舍生皆被绮绣,送东阳马生序,八下
265,缨,帽带,戴朱缨宝饰之帽,送东阳马生序,八下
266,之,的,戴朱缨宝饰之帽,送东阳马生序,八下
267,腰,腰佩,腰白玉之环,送东阳马生序,八下
268,之,的,腰白玉之环,送东阳马生序,八下
269,备,配备,右备容臭,送东阳马生序,八下
270,臭,气味，这里指香气,右备容臭,送东阳马生序,八下
271,烨然,光彩照人的样子,烨然若神人,送东阳马生序,八下
272,然,……的样子,烨然若神人,送东阳马生序,八下
273,若,好像,烨然若神人,送东阳马生序,八下
274,则,表转折，却,余则缊袍敝衣处其间,送东阳马生序,八下
275,缊,旧絮,余则缊袍敝衣处其间,送东阳马生序,八下
276,敝,破,余则缊袍敝衣处其间,送东阳马生序,八下
277,缊袍敝衣,破旧的衣服,余则缊袍敝衣处其间,送东阳马生序,八下
278,其,代词，他们的,余则缊袍敝衣处其间,送东阳马生序,八下
279,间,中间,余则缊袍敝衣处其间,送东阳马生序,八下
280,略,丝毫,略无慕艳意,送东阳马生序,八下
281,慕艳,羡慕,略无慕艳意,送东阳马生序,八下
282,慕,羡慕,略无慕艳意,送东阳马生序,八下
283,意,意思,略无慕艳意,送东阳马生序,八下
284,以,因为,以中有足乐者,送东阳马生序,八下
285,中,内心中,以中有足乐者,送东阳马生序,八下
286,足,足以，值得,以中有足乐者,送东阳马生序,八下
287,乐,快乐,以中有足乐者,送东阳马生序,八下
288,者,……的事,以中有足乐者,送东阳马生序,八下
289,之,的,不知口体之奉不若人也,送东阳马生序,八下
290,奉,供养,不知口体之奉不若人也,送东阳马生序,八下
291,若,及，比得上,不知口体之奉不若人也,送东阳马生序,八下
292,盖,大概,盖余之勤且艰若此,送东阳马生序,八下
293,之,取消句子独立性,盖余之勤且艰若此,送东阳马生序,八下
294,且,和,盖余之勤且艰若此,送东阳马生序,八下
295,若,像,盖余之勤且艰若此,送东阳马生序,八下
296,谪,封建王朝官吏降职或远调,滕子京谪守巴陵郡,岳阳楼记,八下
297,守,做州郡的长官,滕子京谪守巴陵郡,岳阳楼记,八下
298,越,及，到,越明年,岳阳楼记,八下
299,明年,第二年,越明年,岳阳楼记,八下
300,通,顺利,政通人和,岳阳楼记,八下
301,和,和乐,政通人和,岳阳楼记,八下
302,废,荒废了的事业,百废具兴,岳阳楼记,八下
303,具,通“俱”，全，皆,百废具兴,岳阳楼记,八下
304,兴,兴办,百废具兴,岳阳楼记,八下
305,乃,于是，就，便,乃重修岳阳楼,岳阳楼记,八下
306,修,修建,乃重修岳阳楼,岳阳楼记,八下
307,增,扩增,增其旧制,岳阳楼记,八下
308,其,代词，指岳阳楼,增其旧制,岳阳楼记,八下
309,制,规模,增其旧制,岳阳楼记,八下
310,属,通“嘱”，嘱托,属予作文以记之,岳阳楼记,八下
311,以,来,属予作文以记之,岳阳楼记,八下
312,之,代词，这件事,属予作文以记之,岳阳楼记,八下
313,予,我,予观夫巴陵胜状,岳阳楼记,八下
314,观,看,予观夫巴陵胜状,岳阳楼记,八下
315,夫,指示代词，那,予观夫巴陵胜状,岳阳楼记,八下
316,胜,好的，美好的,予观夫巴陵胜状,岳阳楼记,八下
317,胜状,胜景，好景色,予观夫巴陵胜状,岳阳楼记,八下
318,衔,连接,衔远山,岳阳楼记,八下
319,浩浩汤汤,水波浩荡的样子,浩浩汤汤,岳阳楼记,八下
320,横,广远,横无际涯,岳阳楼记,八下
321,际涯,边,横无际涯,岳阳楼记,八下
322,朝,早晨,朝晖夕阴,岳阳楼记,八下
323,晖,日光,朝晖夕阴,岳阳楼记,八下
324,阴,天色阴暗,朝晖夕阴,岳阳楼记,八下
325,则,就是,此则岳阳楼之大观也,岳阳楼记,八下
326,之,的,此则岳阳楼之大观也,岳阳楼记,八下
327,观,景象,此则岳阳楼之大观也,岳阳楼记,八下
328,大观,雄伟景象,此则岳阳楼之大观也,岳阳楼记,八下
329,之,的,前人之述备矣,岳阳楼记,八下
330,述,记述,前人之述备矣,岳阳楼记,八下
331,备,详尽,前人之述备矣,岳阳楼记,八下
332,然则,虽然如此，那么,然则北通巫峡,岳阳楼记,八下
333,北,向北,然则北通巫峡,岳阳楼记,八下
334,通,通向,然则北通巫峡,岳阳楼记,八下
335,南,向南,南极潇湘,岳阳楼记,八下
336,极,尽，这里有远通的意思,南极潇湘,岳阳楼记,八下
337,迁客,谪迁的人，指降职远调的人,迁客骚人,岳阳楼记,八下
338,骚人,诗人,迁客骚人,岳阳楼记,八下
339,会,聚会,多会于此,岳阳楼记,八下
340,于,在,多会于此,岳阳楼记,八下
341,览,看,览物之情,岳阳楼记,八下
342,之,的,览物之情,岳阳楼记,八下
343,得,会，能,得无异乎,岳阳楼记,八下
344,异,不同,得无异乎,岳阳楼记,八下
345,若夫,像那,若夫淫雨霏霏,岳阳楼记,八下
346,淫雨,连绵的雨,若夫淫雨霏霏,岳阳楼记,八下
347,霏霏,雨（或雪）繁密的样子,若夫淫雨霏霏,岳阳楼记,八下
348,开,解除，这里指天气放晴,连月不开,岳阳楼记,八下
349,阴,阴冷,阴风怒号,岳阳楼记,八下
350,排,冲向,浊浪排空,岳阳楼记,八下
351,空,天空,浊浪排空,岳阳楼记,八下
352,隐,隐藏,日星隐曜,岳阳楼记,八下
353,曜,光辉,日星隐曜,岳阳楼记,八下
354,潜,隐藏,山岳潜形,岳阳楼记,八下
355,形,形体,山岳潜形,岳阳楼记,八下
356,樯,桅杆,樯倾楫摧,岳阳楼记,八下
357,楫,船桨,樯倾楫摧,岳阳楼记,八下
358,薄,迫近,薄暮冥冥,岳阳楼记,八下
359,冥冥,天色昏暗,薄暮冥冥,岳阳楼记,八下
360,则,就,则有去国怀乡,岳阳楼记,八下
361,去,离开,则有去国怀乡,岳阳楼记,八下
362,国,国都,则有去国怀乡,岳阳楼记,八下
363,谗,说坏话,忧谗畏讥,岳阳楼记,八下
364,讥,批评指责,忧谗畏讥,岳阳楼记,八下
365,然,……的样子,满目萧然,岳阳楼记,八下
366,萧然,萧条的样子,满目萧然,岳阳楼记,八下
367,极,到极点,感极而悲者矣,岳阳楼记,八下
368,而,表因果关系，因而,感极而悲者矣,岳阳楼记,八下
369,至若,至于,至若春和景明,岳阳楼记,八下
370,和,和煦,至若春和景明,岳阳楼记,八下
371,景,日光,至若春和景明,岳阳楼记,八下
372,惊,起、动,波澜不惊,岳阳楼记,八下
373,一,一片,一碧万顷,岳阳楼记,八下
374,万顷,极言其广,一碧万顷,岳阳楼记,八下
375,集,鸟停息在树上,沙鸥翔集,岳阳楼记,八下
376,锦,美丽的,锦鳞游泳,岳阳楼记,八下
377,鳞,代鱼,锦鳞游泳,岳阳楼记,八下
378,芷,香草的一种,岸芷汀兰,岳阳楼记,八下
379,郁郁,形容草木茂盛,郁郁青青,岳阳楼记,八下
380,而,表顺承,而或长烟一空,岳阳楼记,八下
381,或,有时,而或长烟一空,岳阳楼记,八下
382,一,全,而或长烟一空,岳阳楼记,八下
383,空,消散,而或长烟一空,岳阳楼记,八下
384,何,哪,此乐何极,岳阳楼记,八下
385,极,穷尽,此乐何极,岳阳楼记,八下
386,则,就,则有心旷神怡,岳阳楼记,八下
387,宠,荣耀,宠辱偕忘,岳阳楼记,八下
388,辱,屈辱,宠辱偕忘,岳阳楼记,八下
389,偕,一起,宠辱偕忘,岳阳楼记,八下
390,把,端,把酒临风,岳阳楼记,八下
391,临,面对,把酒临风,岳阳楼记,八下
392,尝,曾经,予尝求古仁人之心,岳阳楼记,八下
393,求,探求,予尝求古仁人之心,岳阳楼记,八下
394,之,的,予尝求古仁人之心,岳阳楼记,八下
395,古仁人,古时品德高尚的人,予尝求古仁人之心,岳阳楼记,八下
396,心,心思,予尝求古仁人之心,岳阳楼记,八下
397,或,或许，也许，表委婉语气,或异二者之为,岳阳楼记,八下
398,异,不同,或异二者之为,岳阳楼记,八下
399,为,这里指心理活动（即两种心情）,或异二者之为,岳阳楼记,八下
400,何,为什么,何哉,岳阳楼记,八下
401,以,因为,不以物喜,岳阳楼记,八下
402,物,外物,不以物喜,岳阳楼记,八下
403,以,因为,不以己悲,岳阳楼记,八下
404,居,处于,居庙堂之高则忧其民,岳阳楼记,八下
405,庙堂,朝廷,居庙堂之高则忧其民,岳阳楼记,八下
406,之,定语后置的标志,居庙堂之高则忧其民,岳阳楼记,八下
407,则,表顺承，就,居庙堂之高则忧其民,岳阳楼记,八下
408,忧,忧虑，担心,居庙堂之高则忧其民,岳阳楼记,八下
409,然则,那么,然则何时而乐耶,岳阳楼记,八下
410,何,什么,然则何时而乐耶,岳阳楼记,八下
411,而,表修饰,然则何时而乐耶,岳阳楼记,八下
412,其,指示代词，那,然则何时而乐耶,岳阳楼记,八下
413,先,在……之前,先天下之忧而忧,岳阳楼记,八下
414,之,取消句子独立性,先天下之忧而忧,岳阳楼记,八下
415,而,表修饰,先天下之忧而忧,岳阳楼记,八下
416,后,在……之后,后天下之乐而乐,岳阳楼记,八下
417,乐,快乐,后天下之乐而乐,岳阳楼记,八下
418,微,没有,微斯人,岳阳楼记,八下
419,斯,这,微斯人,岳阳楼记,八下
420,归,归依,吾谁与归,岳阳楼记,八下
421,发,被任用,舜发于畎亩之中,生于忧患，死于安乐,九下
422,于,从,舜发于畎亩之中,生于忧患，死于安乐,九下
423,举,被选拔,傅说举于版筑之间,生于忧患，死于安乐,九下
424,举,被推荐,胶鬲举于鱼盐之中,生于忧患，死于安乐,九下
425,故,所以,故天将降大任于是人也,生于忧患，死于安乐,九下
426,于,给,故天将降大任于是人也,生于忧患，死于安乐,九下
427,是,这样,故天将降大任于是人也,生于忧患，死于安乐,九下
428,苦,使…痛苦,必先苦其心志,生于忧患，死于安乐,九下
429,劳,使…劳累,劳其筋骨,生于忧患，死于安乐,九下
430,饿,使…经受饥饿,饿其体肤,生于忧患，死于安乐,九下
431,拂乱,违背扰乱,行拂乱其所为,生于忧患，死于安乐,九下
432,为,事业,行拂乱其所为,生于忧患，死于安乐,九下
433,所以,通过这些,所以动心忍性,生于忧患，死于安乐,九下
434,曾益,增加,曾益其所不能,生于忧患，死于安乐,九下
435,恒,常常,人恒过然后能改,生于忧患，死于安乐,九下
436,然后,这样以后,人恒过然后能改,生于忧患，死于安乐,九下
437,于,在,困于心衡于虑而后作,生于忧患，死于安乐,九下
438,衡,梗塞,困于心衡于虑而后作,生于忧患，死于安乐,九下
439,而,表顺序,困于心衡于虑而后作,生于忧患，死于安乐,九下
440,作,有所作为,困于心衡于虑而后作,生于忧患，死于安乐,九下
441,征,显露,征于色发于声而后喻,生于忧患，死于安乐,九下
442,喻,为人所通晓,征于色发于声而后喻,生于忧患，死于安乐,九下
443,入,在国内,入则无法家拂士,生于忧患，死于安乐,九下
444,则,如果,入则无法家拂士,生于忧患，死于安乐,九下
445,出,在国外,出则无敌国外患者,生于忧患，死于安乐,九下
446,则,如果,出则无敌国外患者,生于忧患，死于安乐,九下
447,恒,往往,国恒亡,生于忧患，死于安乐,九下
448,然,这样,然后知生于忧患而死于安乐也,生于忧患，死于安乐,九下
449,知,明白,然后知生于忧患而死于安乐也,生于忧患，死于安乐,九下
450,而,表并列,然后知生于忧患而死于安乐也,生于忧患，死于安乐,九下
451,欲,想要,我所欲也,鱼我所欲也,九下
452,得谦,同时都得到,二者不可得兼,鱼我所欲也,九下
453,而,表顺承,舍鱼而取熊掌者也,鱼我所欲也,九下
454,生,生命,生，亦我所欲也,鱼我所欲也,九下
455,义,大义,义，亦我所欲也,鱼我所欲也,九下
456,甚于,胜于,所欲有甚于生者,鱼我所欲也,九下
457,故,所以,故不为苟得也,鱼我所欲也,九下
458,为,做,故不为苟得也,鱼我所欲也,九下
459,苟得,苟且偷生,故不为苟得也,鱼我所欲也,九下
460,死,死亡,死亦我所恶,鱼我所欲也,九下
461,亦,也,死亦我所恶,鱼我所欲也,九下
462,恶,厌恶,死亦我所恶,鱼我所欲也,九下
463,故,所以,故患有所不辟也,鱼我所欲也,九下
464,患,祸患,故患有所不辟也,鱼我所欲也,九下
465,辟,躲避,故患有所不辟也,鱼我所欲也,九下
466,如使,假如,如使人之所欲莫甚于生,鱼我所欲也,九下
467,则,那么,则凡可以得生者何不用也,鱼我所欲也,九下
468,凡,凡是,则凡可以得生者何不用也,鱼我所欲也,九下
469,以,用来,则凡可以得生者何不用也,鱼我所欲也,九下
470,者,的手段,则凡可以得生者何不用也,鱼我所欲也,九下
471,使,如果,,鱼我所欲也,九下
472,由是,采用某种手段,由是则生而有不用也,鱼我所欲也,九下
473,则,就,由是则生而有不用也,鱼我所欲也,九下
474,而,可是,由是则生而有不用也,鱼我所欲也,九下
475,有,有的人,是故所欲有甚于生者,鱼我所欲也,九下
476,为,采用,由是则可以避患而有不为也,鱼我所欲也,九下
477,是故,由此可风,是故所欲有甚于生者,鱼我所欲也,九下
478,独,只,非独贤者有是心也,鱼我所欲也,九下
479,贤者,贤人,非独贤者有是心也,鱼我所欲也,九下
480,是,这种,非独贤者有是心也,鱼我所欲也,九下
481,心,本性,非独贤者有是心也,鱼我所欲也,九下
482,丧,丢掉,贤者能勿丧耳,鱼我所欲也,九下
483,得,吃,得之则生,鱼我所欲也,九下
484,则,就,得之则生,鱼我所欲也,九下
485,呼尔,没有礼貌,呼尔而与之,鱼我所欲也,九下
486,而,表修饰,呼尔而与之,鱼我所欲也,九下
487,与,给,呼尔而与之,鱼我所欲也,九下
488,蹴尔,用脚踢,蹴尔而与之,鱼我所欲也,九下
489,不屑,因轻视而不肯接受,乞人不屑也,鱼我所欲也,九下
490,万钟,高位厚禄,万钟则不辨礼义而受之,鱼我所欲也,九下
491,则,却,万钟则不辨礼义而受之,鱼我所欲也,九下
492,辩,辨别,万钟则不辨礼义而受之,鱼我所欲也,九下
493,受,接受,万钟则不辨礼义而受之,鱼我所欲也,九下
494,于,对于,万钟于我何加焉,鱼我所欲也,九下
495,何加,有什么益处,万钟于我何加焉,鱼我所欲也,九下
496,为,为了,为宫室之美,鱼我所欲也,九下
497,之,的,为宫室之美,鱼我所欲也,九下
498,奉,侍奉,妻妾之奉,鱼我所欲也,九下
499,得,感激,所识穷乏者得我与,鱼我所欲也,九下
500,乡,从前,乡为身死而不受,鱼我所欲也,九下
501,为,为了,乡为身死而不受,鱼我所欲也,九下
502,而,表转折,乡为身死而不受,鱼我所欲也,九下
503,为,为了,今为宫室之美为之,鱼我所欲也,九下
504,为,接受,今为宫室之美为之,鱼我所欲也,九下
505,是,这种,是亦不可以已乎,鱼我所欲也,九下
506,以,让,是亦不可以已乎,鱼我所欲也,九下
507,已,停止,是亦不可以已乎,鱼我所欲也,九下
508,此,这,此之谓失其本心,鱼我所欲也,九下
509,之,不译,此之谓失其本心,鱼我所欲也,九下
510,谓,叫做,此之谓失其本心,鱼我所欲也,九下
511,失,丧失,此之谓失其本心,鱼我所欲也,九下
512,本心,固有的天性,此之谓失其本心,鱼我所欲也,九下
513,伐,攻打,齐师伐我,曹刿论战,九下
514,我,我们鲁国,齐师伐我,曹刿论战,九下
515,将,将要,公将战,曹刿论战,九下
516,战,迎战,公将战,曹刿论战,九下
517,请见,请求接见,曹刿请见,曹刿论战,九下
518,肉食者,居高位、享厚禄的人,肉食者谋之,曹刿论战,九下
519,谋,谋划,肉食者谋之,曹刿论战,九下
520,何,何必,又何间焉,曹刿论战,九下
521,间,参与,又何间焉,曹刿论战,九下
522,鄙,目光短浅,肉食者鄙,曹刿论战,九下
523,远谋,深谋远虑,未能远谋,曹刿论战,九下
524,乃,于是,乃入见,曹刿论战,九下
525,入,进,乃入见,曹刿论战,九下
526,何,什么,何以战,曹刿论战,九下
527,以,凭借,何以战,曹刿论战,九下
528,安,养生的东西,衣食所安,曹刿论战,九下
529,专,独自享受,弗敢专也,曹刿论战,九下
530,以,把,必以分人,曹刿论战,九下
531,徧（遍）,遍及,小惠未徧,曹刿论战,九下
532,从,听从,民弗从也,曹刿论战,九下
533,加,虚报,弗敢加也,曹刿论战,九下
534,以,以,必以信,曹刿论战,九下
535,信,实情,必以信,曹刿论战,九下
536,孚,让神灵信服,小信未孚,曹刿论战,九下
537,福,保护,神弗福也,曹刿论战,九下
538,小大,大大小小,小大之狱,曹刿论战,九下
539,之,的,小大之狱,曹刿论战,九下
540,狱,案件,小大之狱,曹刿论战,九下
541,虽,即使,虽不能察,曹刿论战,九下
542,察,明察,虽不能察,曹刿论战,九下
543,以,以,必以情,曹刿论战,九下
544,情,实情判断,必以情,曹刿论战,九下
545,忠之属,尽了职分的事情,忠之属也,曹刿论战,九下
546,以,凭借,可以一战,曹刿论战,九下
547,一,这个条件,可以一战,曹刿论战,九下
548,战,打仗,可以一战,曹刿论战,九下
549,则,就,战则请从,曹刿论战,九下
550,请,请允许（我）,战则请从,曹刿论战,九下
551,从,跟随着去,战则请从,曹刿论战,九下
552,与,和,公与之乘,曹刿论战,九下
553,之,代词，代曹刿,公与之乘,曹刿论战,九下
554,于,在,战于长勺,曹刿论战,九下
555,将,就要,公将鼓之,曹刿论战,九下
556,鼓,击鼓进军,公将鼓之,曹刿论战,九下
557,之,补充音节，不译,公将鼓之,曹刿论战,九下
558,可,可以行,未可,曹刿论战,九下
559,败绩,大败,齐师败绩,曹刿论战,九下
560,将,正要,公将驰之,曹刿论战,九下
561,驰,驱车（追赶）,公将驰之,曹刿论战,九下
562,下,往下,下视其辙,曹刿论战,九下
563,视,察看,下视其辙,曹刿论战,九下
564,其,齐军车轮轧出的,下视其辙,曹刿论战,九下
565,辙,痕迹,下视其辙,曹刿论战,九下
566,登,登上,登轼而望之,曹刿论战,九下
567,轼,车前的横木,登轼而望之,曹刿论战,九下
568,而,表修饰,登轼而望之,曹刿论战,九下
569,望,瞭望,登轼而望之,曹刿论战,九下
570,之,齐军（的队形）,登轼而望之,曹刿论战,九下
571,遂,于是,遂逐齐师,曹刿论战,九下
572,逐,追击,遂逐齐师,曹刿论战,九下
573,既,已经,既克,曹刿论战,九下
574,克,战胜,既克,曹刿论战,九下
575,其故,取胜的原因,公问其故,曹刿论战,九下
576,对,回答,对曰,曹刿论战,九下
577,夫,发语词，不译,夫战,曹刿论战,九下
578,战,作战,夫战,曹刿论战,九下
579,作,振作,一鼓作气,曹刿论战,九下
580,气,士气,一鼓作气,曹刿论战,九下
581,再,第二次,再而衰,曹刿论战,九下
582,衰,士气减弱,再而衰,曹刿论战,九下
583,竭,枯竭,三而竭,曹刿论战,九下
584,彼,敌方,彼竭我盈,曹刿论战,九下
585,盈,士气正旺盛,彼竭我盈,曹刿论战,九下
586,故,所以,故克之,曹刿论战,九下
587,克,打败,故克之,曹刿论战,九下
588,之,他们,故克之,曹刿论战,九下
589,测,估计,难测也,曹刿论战,九下
590,惧,怕,惧有伏焉,曹刿论战,九下
591,伏,倒下,惧有伏焉,曹刿论战,九下
592,焉,在那里,惧有伏焉,曹刿论战,九下
593,视,发现,吾视其辙乱,曹刿论战,九下
594,其,他们的,吾视其辙乱,曹刿论战,九下
595,辙,车印,吾视其辙乱,曹刿论战,九下
596,靡,倒下,望其旗靡,曹刿论战,九下
597,故,所以,故逐之,曹刿论战,九下
598,逐,追击,故逐之,曹刿论战,九下
599,之,他们,故逐之,曹刿论战,九下
600,修,身高,邹忌修八尺有余,邹忌讽齐王纳谏,九下
601,余,多,邹忌修八尺有余,邹忌讽齐王纳谏,九下
602,而,表并列,而形貌昳丽,邹忌讽齐王纳谏,九下
603,形貌,容貌,而形貌昳丽,邹忌讽齐王纳谏,九下
604,昳丽,光亮美丽,而形貌昳丽,邹忌讽齐王纳谏,九下
605,朝,早晨,朝服衣冠,邹忌讽齐王纳谏,九下
606,服,穿戴,朝服衣冠,邹忌讽齐王纳谏,九下
607,冠,帽,朝服衣冠,邹忌讽齐王纳谏,九下
608,窥,照,窥镜,邹忌讽齐王纳谏,九下
609,谓,对…说,谓其妻曰,邹忌讽齐王纳谏,九下
610,其,他的,谓其妻曰,邹忌讽齐王纳谏,九下
611,与,和,我孰与城北徐公美,邹忌讽齐王纳谏,九下
612,甚,很,君美甚,邹忌讽齐王纳谏,九下
613,何,怎,徐公何能及君也,邹忌讽齐王纳谏,九下
614,及,比得上,徐公何能及君也,邹忌讽齐王纳谏,九下
615,之,的,齐国之美丽者也,邹忌讽齐王纳谏,九下
616,自信,相信自己,忌不自信,邹忌讽齐王纳谏,九下
617,而,就,而复问其妾曰,邹忌讽齐王纳谏,九下
618,旦日,第二天,旦日,邹忌讽齐王纳谏,九下
619,从,从,客从外来,邹忌讽齐王纳谏,九下
620,与,和,与坐谈,邹忌讽齐王纳谏,九下
621,之,不译,问之客曰,邹忌讽齐王纳谏,九下
622,若,比得上,徐公不若君之美也,邹忌讽齐王纳谏,九下
623,明日,第二天,明日,邹忌讽齐王纳谏,九下
624,孰,仔细,孰视之,邹忌讽齐王纳谏,九下
625,视,端详,孰视之,邹忌讽齐王纳谏,九下
626,之,他,孰视之,邹忌讽齐王纳谏,九下
627,以为,觉得,自以为不如,邹忌讽齐王纳谏,九下
628,而,表修饰,窥镜而自视,邹忌讽齐王纳谏,九下
629,弗如远甚,远不如,又弗如远甚,邹忌讽齐王纳谏,九下
630,暮,晚上,暮寝而思之,邹忌讽齐王纳谏,九下
631,寝,躺,暮寝而思之,邹忌讽齐王纳谏,九下
632,而,表修饰,暮寝而思之,邹忌讽齐王纳谏,九下
633,思,想,暮寝而思之,邹忌讽齐王纳谏,九下
634,之,这件事,暮寝而思之,邹忌讽齐王纳谏,九下
635,之,不译,妾之美我者,邹忌讽齐王纳谏,九下
636,美,认为… 美,妾之美我者,邹忌讽齐王纳谏,九下
637,私,偏爱,私我也,邹忌讽齐王纳谏,九下
638,畏,害怕,畏我也,邹忌讽齐王纳谏,九下
639,欲,想,欲有求于我也,邹忌讽齐王纳谏,九下
640,于是,于是,于是入朝见威王,邹忌讽齐王纳谏,九下
641,入朝,进朝,于是入朝见威王,邹忌讽齐王纳谏,九下
642,见,拜见,于是入朝见威王,邹忌讽齐王纳谏,九下
643,诚,确实,臣诚知不如徐公美,邹忌讽齐王纳谏,九下
644,知,知道,臣诚知不如徐公美,邹忌讽齐王纳谏,九下
645,之,的,臣之妻私臣,邹忌讽齐王纳谏,九下
646,皆,都,皆以美于徐公,邹忌讽齐王纳谏,九下
647,以,以为,皆以美于徐公,邹忌讽齐王纳谏,九下
648,今,如今,今齐地方千里,邹忌讽齐王纳谏,九下
649,地方,土地方圆,今齐地方千里,邹忌讽齐王纳谏,九下
650,左右,身边的亲信,宫妇左右莫不私王,邹忌讽齐王纳谏,九下
651,四境之内,全国范围内（的人）,四境之内莫不有求于王,邹忌讽齐王纳谏,九下
652,观,看来,由此观之,邹忌讽齐王纳谏,九下
653,之,不译,由此观之,邹忌讽齐王纳谏,九下
654,蔽,受蒙蔽而不明,王之蔽甚矣,邹忌讽齐王纳谏,九下
655,甚,很深,王之蔽甚矣,邹忌讽齐王纳谏,九下
656,乃,就,乃下令,邹忌讽齐王纳谏,九下
657,令,命令,乃下令,邹忌讽齐王纳谏,九下
658,群,所有的,群臣吏民能面刺寡人之过者,邹忌讽齐王纳谏,九下
659,面刺,当面指责,群臣吏民能面刺寡人之过者,邹忌讽齐王纳谏,九下
660,之,的,群臣吏民能面刺寡人之过者,邹忌讽齐王纳谏,九下
661,过,过错,群臣吏民能面刺寡人之过者,邹忌讽齐王纳谏,九下
662,受,得,受上赏,邹忌讽齐王纳谏,九下
663,上,上等,受上赏,邹忌讽齐王纳谏,九下
664,赏,奖赏,受上赏,邹忌讽齐王纳谏,九下
665,谏,劝谏,上书谏寡人者,邹忌讽齐王纳谏,九下
666,谤讥,议论,能谤讥于市朝,邹忌讽齐王纳谏,九下
667,市朝,公共场所,能谤讥于市朝,邹忌讽齐王纳谏,九下
668,耳,传到耳朵里,闻寡人之耳者,邹忌讽齐王纳谏,九下
669,初,刚,令初下,邹忌讽齐王纳谏,九下
670,下,下达,令初下,邹忌讽齐王纳谏,九下
671,门庭,门前、院内,门庭若市,邹忌讽齐王纳谏,九下
672,若,像,门庭若市,邹忌讽齐王纳谏,九下
673,市,集市,门庭若市,邹忌讽齐王纳谏,九下
674,之后,以后,数月之后,邹忌讽齐王纳谏,九下
675,时时,不时,时时而间进,邹忌讽齐王纳谏,九下
676,间进,偶然进谏,时时而间进,邹忌讽齐王纳谏,九下
677,期年,满一年,期年之后,邹忌讽齐王纳谏,九下
678,虽,即使,虽欲言,邹忌讽齐王纳谏,九下
679,闻,听到,燕、 赵、 韩、 魏闻之,邹忌讽齐王纳谏,九下
680,之,这种情况,燕、 赵、 韩、 魏闻之,邹忌讽齐王纳谏,九下
681,皆,都,皆朝于齐,邹忌讽齐王纳谏,九下
682,朝,朝见,皆朝于齐,邹忌讽齐王纳谏,九下
683,于,到,皆朝于齐,邹忌讽齐王纳谏,九下
684,此,这,此所谓战胜于朝廷,邹忌讽齐王纳谏,九下
685,于,在,此所谓战胜于朝廷,邹忌讽齐王纳谏,九下
686,之,两个均为，的,本在冀州之南，河阳之北,愚公移山,九下
687,之,第一个，的,操蛇之神闻之,愚公移山,九下
688,之,第二个，代词,操蛇之神闻之,愚公移山,九下
689,之,的,曾不能毁山之一毛,愚公移山,九下
690,之,代词，这样的,曾不能损魁父之丘,愚公移山,九下
691,曾,连……都……,曾不能损魁父之丘,愚公移山,九下
692,曾,连……都……,曾不能损山之一毛,愚公移山,九下
693,曾,还,曾不若孀妻弱子,愚公移山,九下
694,之,两个均为，主谓间，取独,惩山北之塞，出入之迂也,愚公移山,九下
695,于,到,达于汉阴,愚公移山,九下
696,其,代词，代愚公,帝感其诚,愚公移山,九下
697,而,却,而山却不加增,愚公移山,九下
698,之,代词，代这件事,告之于帝,愚公移山,九下
699,于,向,告知于帝,愚公移山,九下
700,而,表示目的,何苦而不平,愚公移山,九下
701,何,还,何苦而不平乎,愚公移山,九下
702,以,来,河曲智叟无以应,愚公移山,九下
703,而,修饰,河曲智叟笑而止曰,愚公移山,九下
704,于,到,箕畚运于渤海之北,愚公移山,九下
705,之,的,箕畚运于渤海之尾,愚公移山,九下
706,其,代词，代愚公,惧其不已也,愚公移山,九下
707,而,修饰,聚室而谋曰,愚公移山,九下
708,之,的,邻人京城氏之孀妻有遗男,愚公移山,九下
709,而,修饰,面山而居,愚公移山,九下
710,且,将近,年且九十,愚公移山,九下
711,其,代词，代愚公,其妻献疑曰,愚公移山,九下
712,何,如……何，加强反问语气,其如土石何,愚公移山,九下
713,其,如……何，加强反问语气,其如土石何,愚公移山,九下
714,且,而且,且焉置土石何,愚公移山,九下
715,之,主谓间，取独,汝之心固，固不可彻,愚公移山,九下
716,之,主谓间，取独,甚矣，汝之不慧,愚公移山,九下
717,之,主谓间，取独,虽我之死,愚公移山,九下
718,之,代词，代愚公,跳往助之,愚公移山,九下
719,之,两个均为，的,投诸渤海之尾，隐土之北,愚公移山,九下
720,以,凭借,以残年余力,愚公移山,九下
721,以,凭借,以君之力,愚公移山,九下
722,之,的,以君之力,愚公移山,九下
723,之,两个均为，的,自此，冀之南，汉之阴，无垄断焉,愚公移山,九下
724,发,头发,苍颜白发,醉翁亭记,八下
725,而,两个皆是，修饰,朝而往，暮而归,醉翁亭记,八下
726,归,回去,朝而往，暮而归,醉翁亭记,八下
727,之,两个皆是，代词，山水之乐,得之心而寓之酒也,醉翁亭记,八下
728,而,并列,得之心而寓之酒也,醉翁亭记,八下
729,乐,乐趣,而不知人之乐,醉翁亭记,八下
730,之,主谓间，取消句子独立性,而不知太守之乐其乐也,醉翁亭记,八下
731,而,转折，却,而不知太守之乐其乐也,醉翁亭记,八下
732,乐,第一个，欢乐；第二个，乐趣,而不知太守之乐其乐也,醉翁亭记,八下
733,而,顺承,而乐亦无穷也,醉翁亭记,八下
734,而,递进，而且,而年又最高,醉翁亭记,八下
735,而,并列,佳木秀而繁阴,醉翁亭记,八下
736,秀,茂盛,佳木秀而繁阴,醉翁亭记,八下
737,而,并列,渐闻水声潺潺而泻出于两峰之间者,醉翁亭记,八下
738,而,两个皆是，并列,临溪而渔，溪深而鱼肥,醉翁亭记,八下
739,临,靠近,临溪而渔，溪深而鱼肥,醉翁亭记,八下
740,之,代词，指醉翁亭,名之者谁,醉翁亭记,八下
741,而,并列,泉香而酒洌,醉翁亭记,八下
742,而,然而，但是,然而禽鸟之山林之乐,醉翁亭记,八下
743,乐,乐趣,然而禽鸟知山林之乐,醉翁亭记,八下
744,之,两个皆是，助词，的,然而禽鸟知山林之乐，而不知人之乐,醉翁亭记,八下
745,而,并列,人知从太守游而乐,醉翁亭记,八下
746,乐,乐趣,人知随太守游而乐,醉翁亭记,八下
747,而,顺承,若夫日出而林霏开,醉翁亭记,八下
748,之,助词，的,山间之朝暮也,醉翁亭记,八下
749,之,助词，的,山间之四时也,醉翁亭记,八下
750,之,助词，的,山水之乐,醉翁亭记,八下
751,乐,乐趣，情趣,山水之乐，得之心而寓之酒也,醉翁亭记,八下
752,之,助词，的,山之僧智仙也,醉翁亭记,八下
753,之,助词，的,四时之景不同,醉翁亭记,八下
754,而,顺承,太守归而宾客从也,醉翁亭记,八下
755,归,回去,太守归而宾客从也,醉翁亭记,八下
756,而,顺承,往来而不绝者,醉翁亭记,八下
757,之,补足音节，不译,望之蔚然而深秀者,醉翁亭记,八下
758,而,并列,望之蔚然而深秀者,醉翁亭记,八下
759,秀,秀丽,望之蔚然而深秀者,醉翁亭记,八下
760,之,助词，的,宴酣之乐,醉翁亭记,八下
761,而,顺承,野芳发而幽香,醉翁亭记,八下
762,发,开放,野芳发而幽香,醉翁亭记,八下
763,而,已而，不久,已而夕阳在山,醉翁亭记,八下
764,乐,欢唱,游人去而禽鸟乐也,醉翁亭记,八下
765,临,高踞,有亭翼然临于泉上者,醉翁亭记,八下
766,归,聚拢,与归而岩穴暝,醉翁亭记,八下
767,而,顺承,云归而岩穴暝,醉翁亭记,八下
768,而,修饰,杂然而前陈者,醉翁亭记,八下
769,之,助词，的,在乎山水之间也,醉翁亭记,八下
770,乐,欢乐,醉能同其乐,醉翁亭记,八下
771,之,助词，的,醉翁之意不在酒,醉翁亭记,八下
772,知,了解,人不知而不愠,论语,七上
773,而,转折,人不知而不愠,论语,七上
774,知,知道,温故而知新,论语,七上
775,而,顺承,温故而知新,论语,七上
776,而,两个皆为，转折，却,学而不思则罔，思而不学则殆,论语,七上
777,之,代词，代新学的知识,学而时习之,论语,七上
778,而,顺承,学而时习之,论语,七上
779,之,两个皆是，语气助词,择其善者而从之，其不善者而改之,论语,七上
780,而,两个皆为，顺承,择其善者而从之，其不善者而改之,论语,七上
781,善,擅长,京中有善口技者,口技,七下
782,会,适逢，赶上,会宾客大宴,口技,七下
783,厅事,大厅，客厅,于厅事之东北角,口技,七下
784,施,设置，安放,施八尺屏障,口技,七下
785,团坐,围绕而坐,众宾团坐,口技,七下
786,坐,通“座”座位,满座寂然,口技,七下
787,少顷,一会儿,少顷,口技,七下
788,但,只,但闻屏障中抚尺一下,口技,七下
789,闻,听见,但闻屏障中抚尺一下,口技,七下
790,觉,醒,便有妇人惊觉欠伸,口技,七下
791,欠伸,打呵欠，伸懒腰,便有妇人惊觉欠伸,口技,七下
792,呓语,说梦话,其夫呓语,口技,七下
793,既而,不久,既而儿醒，大啼,口技,七下
794,啼,啼哭,既而儿醒，大啼,口技,七下
795,乳,动词，喂奶,妇抚儿乳,口技,七下
796,乳,名词，乳头,儿含乳啼,口技,七下
797,抚,抚摸，安慰,妇抚儿乳,口技,七下
798,絮絮,连续不断地说话,絮絮不止,口技,七下
799,是,这,当是时,口技,七下
800,一时,同时,一时齐发,口技,七下
801,妙,名词，妙处,众妙必备,口技,七下
802,毕,全，都,众妙必备,口技,七下
803,备,具备,众妙必备,口技,七下
804,侧目,偏着头看，形容听的很入神,侧目，默叹,口技,七下
805,默叹,默默地赞叹,侧目，默叹,口技,七下
806,以为,认为,以为妙绝,口技,七下
807,妙,形容词，奇妙,以为妙绝,口技,七下
808,绝,极,以为妙绝,口技,七下
809,未几,不久,未几,口技,七下
810,止,停止,妇拍儿亦渐拍渐止,口技,七下
811,作作索索,老鼠活动的声音,微闻有鼠作作索索,口技,七下
812,倾侧,翻倒倾斜,盆器倾侧,口技,七下
813,意,心情,宾客意少舒,口技,七下
814,舒,伸展，松弛,宾客意少舒,口技,七下
815,少,稍微,宾客意少舒,口技,七下
816,稍稍,渐渐,稍稍正坐,口技,七下
817,中,其中,中间力拉崩倒之声,口技,七下
818,间,夹杂,中间力拉崩倒之声,口技,七下
819,夹,夹杂,又夹百千求救声,口技,七下
820,作,发出,百千齐作,口技,七下
821,曳,拉,曳屋许许声,口技,七下
822,许许,拟声词,曳屋许许声,口技,七下
823,凡所应有，无所不有,应有尽有，形容声音很杂,凡所应有，无所不有,口技,七下
824,虽,即使,虽人有百手,口技,七下
825,指,指明,不能指其一端,口技,七下
826,其,其中,不能指其一端,口技,七下
827,一端,一头，这里是“一种”的意思,不能指其一端,口技,七下
828,名,说出,不能名其一处也,口技,七下
829,于是,在这种情况下,于是宾客无不变色离席,口技,七下
830,色,脸色,于是宾客无不变色离席,口技,七下
831,奋,扬起，举起,奋袖出臂,口技,七下
832,股,大腿,两股战战,口技,七下
833,几,几乎,几欲先走,口技,七下
834,走,跑,几欲先走,口技,七下
835,战战,打哆嗦，打战,两股战战,口技,七下
836,毕,都,群响毕绝,口技,七下
837,绝,消失,群响毕绝,口技,七下
838,微,稍微,侧目，微笑，默叹,口技,七下
839,微,隐隐地、暗暗地,微闻有鼠作作索索,口技,七下
840,指,指头,手有百指,口技,七下
841,于,在,于厅事之东北角,口技,七下
842,之,的,于厅事之东北角,口技,七下
843,之,补足音节，不译,妇拍而呜之,口技,七下
844,然,……的样子,满坐寂然,口技,七下
845,而,表并列，可不译,妇拍而呜之,口技,七下
846,而,与“已”连用，用在句末，相当于罢了,一桌、一椅、一扇、一抚尺而已,口技,七下
847,名,有名的,有仙则名,陋室铭,八上
848,灵,灵异的,有龙则灵,陋室铭,八上
849,斯,这,斯是陋室,陋室铭,八上
850,是,表肯定的判断,斯是陋室,陋室铭,八上
851,惟,只,惟吾德馨,陋室铭,八上
852,德,品德,惟吾德馨,陋室铭,八上
853,馨,香气，这里指品德高尚,惟吾德馨,陋室铭,八上
854,鸿儒,博学的人,谈笑有鸿儒,陋室铭,八上
855,白丁,平民，这里指没有什么学问的人,往来无白丁,陋室铭,八上
856,调,调弄，这里是指弹琴,可以调素琴,陋室铭,八上
857,素,不加装饰的,可以调素琴,陋室铭,八上
858,金经,佛经,阅金经,陋室铭,八上
859,丝竹,这里是指奏乐的声音,无丝竹之乱耳,陋室铭,八上
860,乱,使……扰乱,无丝竹之乱耳,陋室铭,八上
861,案牍,公事文书,无案牍之劳形,陋室铭,八上
862,劳,使……劳累,无案牍之劳形,陋室铭,八上
863,形,身体、形体,无案牍之劳形,陋室铭,八上
864,陋,简陋,何陋之有,陋室铭,八上
865,上,长到,苔痕上阶绿,陋室铭,八上
866,入,映入,草色入帘青,陋室铭,八上
867,则,表顺承，相当于“就”,有仙则名,陋室铭,八上
868,以,用在“可”后面，不译 ,可以调素琴,陋室铭,八上
869,之,主谓之间，可不译,无丝竹之乱耳,陋室铭,八上
870,之,提宾标志，不译,何陋之有,陋室铭,八上
871,之,结构助词，的,水陆草木之花,爱莲说,八上
872,者,……的，……的事,可爱者甚蕃,爱莲说,八上
873,之,取消句子独立性,予独爱莲之出淤泥而不染,爱莲说,八上
874,出,生长出来,予独爱莲之出淤泥而不染,爱莲说,八上
875,而,表转折,予独爱莲之出淤泥而不染,爱莲说,八上
876,独,唯独，只是,晋陶渊明独爱菊,爱莲说,八上
877,可,值得,可爱者甚蕃,爱莲说,八上
878,而,表转折,濯清涟而不妖,爱莲说,八上
879,蔓,生出枝蔓,不蔓不枝,爱莲说,八上
880,清,水清，明净，清澈,濯清涟而不妖,爱莲说,八上
881,清,清芬,香远益清,爱莲说,八上
882,甚,很，太，极，非常,可爱者甚蕃,爱莲说,八上
883,通,贯通,中通外直,爱莲说,八上
884,谓,认为、以为,予谓菊，花之隐逸者也,爱莲说,八上
885,鲜,少,陶后鲜有闻,爱莲说,八上
886,益,更，更加,香远益清,爱莲说,八上
887,自,从，由,自李唐来,爱莲说,八上
888,何,什么，哪里,同予者何人,爱莲说,八上
889,焉,助词，表陈述，也可译为“呀”“了”“啊”,可远观而不可亵玩焉,爱莲说,八上
890,者,……的，……的人,同予者何人,爱莲说,八上
891,者,引出判断或原因，表示停顿,花之隐逸者也,爱莲说,八上
892,者,引出判断或原因，表示停顿,花之富贵者也,爱莲说,八上
893,者,引出判断或原因，表示停顿,花之君子者也,爱莲说,八上
894,也,表判断或肯定，可译为“是”,花之隐逸者也,爱莲说,八上
895,也,表判断或肯定，可译为“是”,花之富贵者也,爱莲说,八上
896,也,表判断或肯定，可译为“是”,花之君子者也,爱莲说,八上
897,甚,很，太，极，非常,世人甚爱牡丹,爱莲说,八上
898,独,唯独，只是,予独爱莲之出淤泥而不染,爱莲说,八上
899,而,表转折,可远观而不可亵玩焉,爱莲说,八上
900,之,结构助词，的,花之隐逸者也,爱莲说,八上
901,之,结构助词，的,花之富贵者也,爱莲说,八上
902,之,结构助词，的,花之君子者也,爱莲说,八上
903,之,这里是宾语前置的结构助词,菊之爱,爱莲说,八上
904,之,这里是宾语前置的结构助词,莲之爱,爱莲说,八上
905,之,这里是宾语前置的结构助词,牡丹之爱,爱莲说,八上
906,常,经常，常常,千里马常有,马说,八下
907,常,平常的、普通的,且欲与常马等不可得,马说,八下
908,尽,吃完,一食或尽粟一石,马说,八下
909,尽,竭尽，用尽,食之不能尽其材,马说,八下
910,食,通“饲”，喂,食马者不知其能千里而食也,马说,八下
911,食,吃,食不饱,马说,八下
912,知,知道、明白,食马者不知其能千里而食也,马说,八下
913,知,认识，识得,其真不知马也,马说,八下
914,策,用鞭子打,策之不以其道,马说,八下
915,策,马鞭,执策而临之,马说,八下
916,能,能耐、本领,虽有千里之能,马说,八下
917,能,能够,安求其能千里也,马说,八下
918,然,这样,然后有千里马,马说,八下
919,于,在,衹辱于奴隶人之手,马说,八下
920,也,表陈述，不译,不以千里称也,马说,八下
921,也,表反问，呢,安求其能千里也,马说,八下
922,也,表停顿,是马也,马说,八下
923,也,表感叹，不译,其真不知马也,马说,八下
924,以,因为，用,不以千里称也,马说,八下
925,以,按照,策之不以其道,马说,八下
926,者,定语后置的标志,马之千里者,马说,八下
927,者,……的人,食马者不知其能千里而食也,马说,八下
928,之,定语后置的标志,马之千里者,马说,八下
929,之,结构助词，的,虽有千里之能,马说,八下
930,之,代词，代指千里马,策之不以其道,马说,八下
931,之,补充音节，不译,鸣之而不能通其意,马说,八下
932,其,代词，代指千里马,食马者不知其能千里而食也,马说,八下
933,其,代词，代指千里马,策之不以其道,马说,八下
934,其,副词，表反问，难道,其真无马邪,马说,八下
935,其,副词，表肯定，其实,其真不知马也,马说,八下
936,且,犹，尚且,且欲与常马等不可得,马说,八下
937,而,表转折,而伯乐不常有,马说,八下
938,而,表顺承,食马者不知其能千里而食也,马说,八下
939,而,表转折，却,鸣之而不能通其意,马说,八下
940,而,表修饰,执策而临之,马说,八下
941,安,表疑问或反问，译为“怎么”,安求其能千里也,马说,八下
942,才,才干，才能,才美不外见,马说,八下
943,道,正确的方法,策之不以其道,马说,八下
944,见,通“现”，表现,才美不外见,马说,八下
945,临,面对，对着,执策而临之,马说,八下
946,美,美好的素质,才美不外见,马说,八下
947,名,名贵的,故虽有名马,马说,八下
948,求,讲求，要求,安求其能千里也,马说,八下
949,食,通“饲”，喂,食之不能尽其材,马说,八下
950,通,通晓,鸣之而不能通其意,马说,八下
951,意,意思,鸣之而不能通其意,马说,八下
952,足,够，充足，多,食不饱，力不足,马说,八下
953,与,跟，同,且欲与常马等不可得,马说,八下
954,虽,虽然,虽有千里之能,马说,八下
955,从,自，由,从小丘西行百二十步,小石潭记,八下
956,从,跟从,隶而从者,小石潭记,八下
957,乐,以……为乐,心乐之,小石潭记,八下
958,乐,嬉戏，逗乐,似与游者相乐,小石潭记,八下
959,清,清澈,水尤清冽,小石潭记,八下
960,清,凄清,以其境过清,小石潭记,八下
961,差,形容词，长短不一,参差披拂,小石潭记,八下
962,差,动词，交错,其岸势犬牙差互,小石潭记,八下
963,可,大约,潭中鱼可白许头,小石潭记,八下
964,可,可以，能够,不可久居,小石潭记,八下
965,游,游动，畅游,皆若空游无所依,小石潭记,八下
966,游,游览，游玩,同游者,小石潭记,八下
967,之,代词，代指水声,心乐之,小石潭记,八下
968,之,代词，代指小石潭之景,乃记之而去,小石潭记,八下
969,为,当作，作为,全石以为底,小石潭记,八下
970,为,变成，成为,为坻，为屿，为嵁，为岩,小石潭记,八下
971,以,介词，用，拿,全石以为底,小石潭记,八下
972,以,连词，表修饰，而,卷石底以出,小石潭记,八下
973,以,连词，表因果，因为,以其境过清,小石潭记,八下
974,然,作词尾，表状态，……的样子,佁然不动,小石潭记,八下
975,而,表修饰,潭西南而望,小石潭记,八下
976,而,表顺承,乃记之而去,小石潭记,八下
977,其,代词，指小石潭,以其境过清,小石潭记,八下
978,乃,于是，就,乃记之而去,小石潭记,八下
979,者,代词，……的人,同游者,小石潭记,八下
980,者,……的,隶而从者,小石潭记,八下
981,拂,飘拂,参差披拂,小石潭记,八下
982,出,出现，露出,卷石底以出,小石潭记,八下
983,动,移动，活动,佁然不动,小石潭记,八下
984,伐,砍伐,伐竹取道,小石潭记,八下
985,过,过于，太,以其境过清,小石潭记,八下
986,互,交错,其岸势犬牙差互,小石潭记,八下
987,见,看到，看见,明灭可见,小石潭记,八下
988,境,环境,以其境过清,小石潭记,八下
989,居,留，停留,不可久居,小石潭记,八下
990,空,在空中,皆若空游无所依,小石潭记,八下
991,蔓,藤蔓,青树翠蔓,小石潭记,八下
992,面,方位，方向,四面竹树环合,小石潭记,八下
993,闻,听见，听到,闻水声,小石潭记,八下
994,许,表示约数，可译为“上下”“左右”，相当于来,潭中鱼可白许头,小石潭记,八下
995,游,游览，游玩,似与游者相乐,小石潭记,八下
996,坐,坐，坐着,坐潭上，四面竹树环合,小石潭记,八下
997,与,跟，同,似与游者相乐,小石潭记,八下
998,者,……的人,似与游者相乐,小石潭记,八下
999,与,跟，向,相与步于中庭,记承天寺夜游,八上
1000,与,和,念无与为乐者,记承天寺夜游,八上
1001,遂,于是,遂至承天寺寻张怀民,记承天寺夜游,八上
1002,盖,相当于“大概”，此译为“原来是”,盖竹柏影也,记承天寺夜游,八上
1003,至,到,遂至承天寺寻张怀民,记承天寺夜游,八上
1004,寻,寻找,遂至承天寺寻张怀民,记承天寺夜游,八上
1005,欲,想要,解衣欲睡,记承天寺夜游,八上
